,Happy,Angry,Surprise,Sad,Fear
0,0.0,0.0,0.0,0.0,0.0
1,0.0,0.0,0.0,0.0,1.0
2,0.0,0.0,0.0,0.0,1.0
3,0.0,0.0,0.0,0.0,0.0
4,0.0,0.0,0.0,0.0,0.0
5,0.0,0.0,0.0,0.0,0.0
6,0.0,0.0,1.0,0.0,0.0
7,0.0,0.25,0.25,0.25,0.25
8,0.0,0.0,0.5,0.5,0.0
9,0.0,0.0,0.0,1.0,0.0
10,0.33,0.0,0.33,0.33,0.0
11,0.0,0.0,0.5,0.0,0.5
12,1.0,0.0,0.0,0.0,0.0
13,0.0,0.0,0.0,0.0,0.0
14,0.5,0.0,0.0,0.0,0.5
15,0.0,0.0,0.0,0.0,0.0
16,0.0,0.0,0.0,0.0,1.0
17,0.0,0.0,0.0,0.0,0.0
18,0.0,0.0,1.0,0.0,0.0
19,0.0,0.0,0.0,0.0,0.0
20,1.0,0.0,0.0,0.0,0.0
21,0.0,0.0,0.5,0.5,0.0
22,0.0,0.0,0.0,0.0,0.0
23,0.14,0.0,0.29,0.29,0.29
24,0.0,1.0,0.0,0.0,0.0
25,0.0,0.0,0.0,1.0,0.0
26,0.0,0.0,0.0,0.5,0.5
27,0.0,0.0,0.5,0.25,0.25
28,0.0,0.0,1.0,0.0,0.0
29,0.0,0.0,0.0,0.0,0.0
30,0.0,0.0,0.0,0.0,1.0
31,0.0,1.0,0.0,0.0,0.0
32,0.0,0.0,0.0,0.33,0.67
33,0.0,0.0,0.0,0.0,1.0
34,0.33,0.0,0.33,0.0,0.33
35,0.0,0.0,0.0,0.0,0.0
36,0.0,1.0,0.0,0.0,0.0
37,0.2,0.2,0.0,0.0,0.6
38,0.0,0.0,0.0,0.0,1.0
39,0.0,0.0,0.5,0.5,0.0
40,0.0,0.5,0.5,0.0,0.0
41,0.0,1.0,0.0,0.0,0.0
42,0.0,0.0,0.0,0.5,0.5
43,0.0,0.0,0.67,0.0,0.33
44,0.0,0.0,0.33,0.0,0.67
45,0.33,0.22,0.11,0.22,0.11
46,0.12,0.04,0.2,0.2,0.44
47,0.0,0.0,0.5,0.17,0.33
48,0.06,0.15,0.21,0.24,0.35
49,0.0,0.0,1.0,0.0,0.0
50,0.0,0.0,0.0,0.0,1.0
51,0.0,0.0,0.0,0.0,0.0
52,0.0,0.0,0.0,0.0,0.0
53,0.0,0.33,0.0,0.0,0.67
54,0.0,0.0,0.0,0.0,1.0
55,0.2,0.0,0.3,0.2,0.3
56,0.08,0.15,0.46,0.08,0.23
57,0.22,0.0,0.11,0.22,0.44
58,0.2,0.0,0.0,0.4,0.4
59,0.14,0.02,0.25,0.33,0.25
60,0.0,0.0,0.0,0.45,0.55
61,0.11,0.11,0.22,0.22,0.33
62,0.0,0.0,1.0,0.0,0.0
63,0.0,0.33,0.0,0.33,0.33
64,0.0,0.0,1.0,0.0,0.0
65,1.0,0.0,0.0,0.0,0.0
66,0.0,0.0,0.0,1.0,0.0
67,0.0,0.0,0.0,0.0,0.0
68,0.25,0.25,0.12,0.12,0.25
69,0.0,0.0,0.0,0.0,1.0
70,0.0,0.0,0.0,1.0,0.0
71,0.14,0.07,0.14,0.5,0.14
72,0.09,0.03,0.21,0.36,0.3
73,0.0,0.0,0.0,0.67,0.33
74,0.0,0.0,1.0,0.0,0.0
75,0.4,0.2,0.0,0.4,0.0
76,0.08,0.04,0.42,0.33,0.12
77,0.0,0.0,0.0,0.0,0.0
78,0.5,0.5,0.0,0.0,0.0
79,0.0,0.0,1.0,0.0,0.0
80,1.0,0.0,0.0,0.0,0.0
81,1.0,0.0,0.0,0.0,0.0
82,0.33,0.0,0.33,0.33,0.0
83,1.0,0.0,0.0,0.0,0.0
84,0.0,0.0,0.5,0.25,0.25
85,0.0,0.0,0.5,0.0,0.5
86,0.0,0.0,1.0,0.0,0.0
87,0.0,1.0,0.0,0.0,0.0
88,0.25,0.0,0.25,0.0,0.5
89,0.0,0.0,0.0,0.0,0.0
90,0.0,0.0,1.0,0.0,0.0
91,0.0,0.0,0.0,0.0,0.0
92,0.0,0.0,0.0,0.0,0.0
93,0.0,0.0,1.0,0.0,0.0
94,0.0,0.0,0.0,0.0,0.0
95,0.0,0.0,0.0,0.0,0.0
96,0.0,0.0,0.0,0.0,0.0
97,0.0,0.0,1.0,0.0,0.0
98,0.33,0.0,0.33,0.33,0.0
99,0.07,0.07,0.29,0.43,0.14
100,0.0,0.0,0.0,0.0,0.0
101,0.0,0.0,1.0,0.0,0.0
102,0.0,0.0,0.0,0.0,1.0
103,0.0,0.33,0.0,0.33,0.33
104,0.0,0.0,0.0,0.0,0.0
105,0.0,0.0,0.33,0.33,0.33
106,0.0,0.0,0.0,1.0,0.0
107,0.0,0.0,0.0,0.0,0.0
108,0.0,0.0,0.33,0.67,0.0
109,0.0,0.0,1.0,0.0,0.0
110,0.0,0.0,0.0,0.0,1.0
111,0.0,0.0,0.0,0.0,0.0
112,0.0,0.0,0.0,0.5,0.5
113,0.0,0.0,0.0,0.0,0.0
114,0.0,0.0,0.0,1.0,0.0
115,0.0,1.0,0.0,0.0,0.0
116,0.0,0.0,0.0,0.0,0.0
117,0.0,0.0,0.0,0.0,0.0
118,0.0,0.0,0.0,0.0,0.0
119,0.0,0.0,0.0,0.0,1.0
120,0.0,0.0,0.5,0.0,0.5
121,0.0,0.5,0.0,0.0,0.5
122,0.0,0.5,0.0,0.5,0.0
123,0.0,0.0,0.0,0.0,0.0
124,0.0,0.0,0.0,0.0,0.0
125,0.0,1.0,0.0,0.0,0.0
126,0.0,0.0,0.0,0.5,0.5
127,0.0,0.0,1.0,0.0,0.0
128,0.0,0.0,0.0,0.0,0.0
129,0.14,0.0,0.14,0.14,0.57
130,0.0,0.0,0.0,0.0,1.0
131,0.09,0.0,0.18,0.36,0.36
132,0.0,0.0,0.0,0.25,0.75
133,0.0,0.0,0.0,0.0,1.0
134,0.5,0.0,0.0,0.0,0.5
135,0.0,0.0,0.0,0.0,0.0
136,0.15,0.12,0.15,0.2,0.38
137,0.4,0.0,0.6,0.0,0.0
138,0.29,0.14,0.14,0.29,0.14
139,0.21,0.04,0.25,0.21,0.29
140,0.0,0.0,0.0,0.0,0.0
141,0.0,0.0,0.0,0.0,1.0
142,0.0,0.0,1.0,0.0,0.0
143,0.0,0.0,0.0,0.0,0.0
144,0.0,0.0,0.0,0.0,0.0
145,0.0,0.0,1.0,0.0,0.0
146,0.0,0.0,0.0,1.0,0.0
147,0.14,0.0,0.0,0.57,0.29
148,0.33,0.0,0.0,0.67,0.0
149,0.4,0.0,0.2,0.0,0.4
150,0.0,0.0,0.5,0.5,0.0
151,0.5,0.0,0.25,0.25,0.0
152,1.0,0.0,0.0,0.0,0.0
153,0.0,0.0,0.0,0.0,1.0
154,0.0,0.0,0.5,0.0,0.5
155,0.16,0.05,0.21,0.0,0.58
156,0.0,0.0,0.0,0.0,0.0
157,0.0,0.0,1.0,0.0,0.0
158,1.0,0.0,0.0,0.0,0.0
159,0.0,0.0,0.0,0.0,0.0
160,0.0,0.0,1.0,0.0,0.0
161,0.0,0.0,1.0,0.0,0.0
162,0.0,0.0,0.0,0.5,0.5
163,0.25,0.25,0.25,0.0,0.25
164,0.0,0.0,0.0,0.0,0.0
165,0.1,0.05,0.24,0.33,0.29
166,0.0,0.0,1.0,0.0,0.0
167,0.05,0.0,0.21,0.32,0.42
168,0.0,0.33,0.0,0.67,0.0
169,0.0,0.0,0.0,0.0,1.0
170,0.0,0.0,0.0,0.0,0.0
171,0.0,0.0,0.0,0.0,1.0
172,0.0,0.0,0.0,0.0,0.0
173,0.0,0.0,0.33,0.17,0.5
174,0.0,0.22,0.11,0.33,0.33
175,0.0,0.0,0.0,0.0,1.0
176,0.0,0.0,0.0,0.0,0.0
177,0.0,0.0,0.0,0.0,0.0
178,0.0,0.0,0.0,0.0,0.0
179,0.12,0.12,0.25,0.38,0.12
180,0.0,0.5,0.0,0.0,0.5
181,0.0,0.0,0.0,1.0,0.0
182,0.0,0.0,0.0,0.0,0.0
183,0.0,0.0,0.0,1.0,0.0
184,0.0,0.0,0.5,0.0,0.5
185,0.0,0.0,0.0,1.0,0.0
186,0.0,0.0,0.0,0.0,1.0
187,0.0,0.0,0.0,0.0,0.0
188,0.0,0.0,0.0,0.0,0.0
189,0.0,0.0,1.0,0.0,0.0
190,0.0,0.0,0.0,0.0,0.0
191,0.0,0.0,0.0,1.0,0.0
192,0.0,0.0,0.0,0.0,1.0
193,0.0,0.0,0.0,0.0,0.0
194,0.0,0.0,0.0,0.0,0.0
195,0.12,0.12,0.24,0.29,0.24
196,0.0,0.0,1.0,0.0,0.0
197,0.0,0.0,0.0,0.0,0.0
198,0.0,0.0,0.0,0.0,0.0
199,0.0,0.0,1.0,0.0,0.0
200,0.25,0.0,0.0,0.0,0.75
201,0.0,0.0,0.0,0.25,0.75
202,0.0,0.0,1.0,0.0,0.0
203,0.06,0.03,0.27,0.3,0.33
204,0.1,0.15,0.15,0.3,0.3
205,0.0,0.0,0.0,0.0,0.0
206,0.0,0.0,0.0,0.0,0.0
207,0.0,0.0,0.5,0.0,0.5
208,0.0,0.0,0.0,0.0,0.0
209,0.0,0.0,0.0,0.0,0.0
210,0.0,1.0,0.0,0.0,0.0
211,0.0,0.0,0.0,0.0,0.0
212,0.0,0.0,0.0,0.0,0.0
213,0.0,0.0,1.0,0.0,0.0
214,0.5,0.0,0.0,0.5,0.0
215,0.0,0.0,1.0,0.0,0.0
216,0.0,0.0,1.0,0.0,0.0
217,0.0,0.0,0.0,0.0,0.0
218,0.0,0.0,0.6,0.2,0.2
219,0.0,0.0,1.0,0.0,0.0
220,0.0,0.0,0.0,0.0,0.0
221,0.0,0.0,0.0,1.0,0.0
222,0.12,0.0,0.12,0.25,0.5
223,0.0,0.5,0.0,0.5,0.0
224,0.0,0.0,0.33,0.67,0.0
225,0.0,0.0,0.0,0.0,0.0
226,0.38,0.0,0.0,0.5,0.12
227,0.0,0.0,0.0,0.0,0.0
228,0.0,0.0,0.0,1.0,0.0
229,0.0,0.0,0.0,0.0,0.0
230,0.0,1.0,0.0,0.0,0.0
231,0.0,0.0,1.0,0.0,0.0
232,0.0,0.0,1.0,0.0,0.0
233,0.0,0.0,0.0,0.0,0.0
234,0.0,1.0,0.0,0.0,0.0
235,0.0,0.0,0.0,0.0,0.0
236,0.0,1.0,0.0,0.0,0.0
237,0.0,0.5,0.5,0.0,0.0
238,0.0,0.0,0.0,0.0,0.0
239,0.0,0.5,0.0,0.0,0.5
240,0.0,1.0,0.0,0.0,0.0
241,0.0,0.5,0.0,0.0,0.5
242,0.0,1.0,0.0,0.0,0.0
243,0.4,0.0,0.4,0.0,0.2
244,1.0,0.0,0.0,0.0,0.0
245,0.12,0.12,0.24,0.24,0.29
246,0.0,1.0,0.0,0.0,0.0
247,0.2,0.07,0.2,0.27,0.27
248,0.0,0.0,0.0,0.0,1.0
249,0.0,0.0,0.0,0.0,0.0
250,0.33,0.0,0.33,0.33,0.0
251,0.0,0.0,0.0,0.0,0.0
252,0.17,0.0,0.33,0.17,0.33
253,0.0,0.0,0.0,0.0,0.0
254,0.0,0.0,0.11,0.33,0.56
255,0.0,0.0,0.0,0.0,0.0
256,0.0,0.33,0.0,0.0,0.67
257,0.0,0.0,0.0,0.0,1.0
258,0.09,0.09,0.27,0.09,0.45
259,1.0,0.0,0.0,0.0,0.0
260,0.0,0.0,0.0,0.0,0.0
261,0.0,0.0,0.0,0.0,1.0
262,0.4,0.1,0.2,0.1,0.2
263,1.0,0.0,0.0,0.0,0.0
264,0.0,0.0,1.0,0.0,0.0
265,1.0,0.0,0.0,0.0,0.0
266,0.33,0.11,0.22,0.11,0.22
267,0.0,0.0,0.0,0.0,0.0
268,0.0,0.0,1.0,0.0,0.0
269,1.0,0.0,0.0,0.0,0.0
270,0.0,0.0,0.0,0.0,0.0
271,0.0,0.0,0.0,0.0,0.0
272,0.0,0.0,0.0,1.0,0.0
273,0.0,0.0,0.0,0.0,0.0
274,0.0,0.0,0.0,0.0,1.0
275,0.0,0.0,1.0,0.0,0.0
276,0.0,0.0,1.0,0.0,0.0
277,0.0,0.14,0.29,0.14,0.43
278,0.5,0.5,0.0,0.0,0.0
279,0.0,0.0,0.0,1.0,0.0
280,0.0,0.0,1.0,0.0,0.0
281,0.0,0.14,0.14,0.36,0.36
282,0.12,0.25,0.12,0.25,0.25
283,0.5,0.5,0.0,0.0,0.0
284,0.19,0.19,0.12,0.31,0.19
285,0.13,0.07,0.07,0.2,0.53
286,0.38,0.0,0.0,0.12,0.5
287,0.2,0.4,0.0,0.4,0.0
288,0.0,0.0,0.0,0.0,1.0
289,0.0,0.0,0.0,0.0,0.0
290,0.0,0.0,0.0,0.0,0.0
291,0.33,0.0,0.33,0.33,0.0
292,0.0,0.0,0.0,0.0,0.0
293,1.0,0.0,0.0,0.0,0.0
294,1.0,0.0,0.0,0.0,0.0
295,0.11,0.0,0.44,0.11,0.33
296,0.0,0.0,0.0,0.0,1.0
297,0.33,0.0,0.33,0.0,0.33
298,0.0,0.0,0.0,0.75,0.25
299,0.0,0.0,0.0,0.0,1.0
300,0.15,0.07,0.22,0.33,0.22
301,0.0,0.0,0.25,0.5,0.25
302,0.27,0.18,0.18,0.09,0.27
303,0.0,0.0,0.0,0.0,1.0
304,0.06,0.18,0.29,0.18,0.29
305,0.0,0.0,1.0,0.0,0.0
306,0.27,0.09,0.27,0.09,0.27
307,0.0,0.0,0.0,0.0,1.0
308,1.0,0.0,0.0,0.0,0.0
309,0.0,0.0,1.0,0.0,0.0
310,0.0,0.0,0.0,0.0,0.0
311,0.1,0.16,0.29,0.23,0.23
312,0.0,0.0,1.0,0.0,0.0
313,0.0,0.0,0.0,0.0,1.0
314,0.0,0.0,1.0,0.0,0.0
315,0.0,0.0,0.0,0.0,0.0
316,0.0,0.67,0.0,0.33,0.0
317,0.0,0.0,0.0,0.0,1.0
318,0.0,0.0,0.0,0.0,0.0
319,0.0,0.0,0.0,0.0,0.0
320,0.2,0.0,0.0,0.6,0.2
321,0.0,0.0,0.0,0.0,0.0
322,0.0,0.0,1.0,0.0,0.0
323,0.25,0.5,0.0,0.0,0.25
324,0.0,0.0,0.0,0.0,0.0
325,0.0,0.0,0.0,0.0,0.0
326,1.0,0.0,0.0,0.0,0.0
327,0.0,0.0,0.0,0.0,0.0
328,0.0,0.0,0.0,0.0,1.0
329,0.0,0.0,0.0,0.0,0.0
330,0.0,0.0,0.0,0.0,1.0
331,0.0,0.0,0.0,0.0,0.0
332,0.0,0.0,0.0,0.0,0.0
333,0.0,0.0,0.0,0.0,0.0
334,0.4,0.0,0.0,0.2,0.4
335,0.0,0.0,0.5,0.0,0.5
336,0.0,1.0,0.0,0.0,0.0
337,0.0,0.0,0.0,0.0,1.0
338,0.0,0.0,0.0,0.0,0.0
339,0.0,0.0,0.0,0.0,1.0
340,0.0,0.25,0.12,0.38,0.25
341,0.0,0.0,0.0,1.0,0.0
342,0.0,0.0,0.0,0.0,0.0
343,0.33,0.33,0.0,0.33,0.0
344,0.0,0.0,0.0,0.0,1.0
345,0.0,0.0,0.0,0.0,0.0
346,0.0,0.0,0.0,0.0,0.0
347,0.0,0.0,0.0,0.0,0.0
348,0.0,0.0,1.0,0.0,0.0
349,0.0,0.0,0.0,0.0,0.0
350,0.0,0.0,1.0,0.0,0.0
351,1.0,0.0,0.0,0.0,0.0
352,0.0,0.0,0.5,0.5,0.0
353,1.0,0.0,0.0,0.0,0.0
354,0.0,0.0,0.0,0.0,1.0
355,0.0,0.0,0.0,1.0,0.0
356,1.0,0.0,0.0,0.0,0.0
357,0.0,0.0,1.0,0.0,0.0
358,0.5,0.0,0.5,0.0,0.0
359,0.0,0.0,0.0,0.0,0.0
360,0.6,0.0,0.0,0.2,0.2
361,0.0,0.0,0.0,0.0,0.0
362,0.0,0.0,0.0,0.0,0.0
363,0.0,0.0,0.0,0.0,0.0
364,0.0,0.0,0.5,0.5,0.0
365,0.0,0.0,1.0,0.0,0.0
366,0.33,0.0,0.33,0.33,0.0
367,0.0,0.0,0.5,0.5,0.0
368,0.0,0.0,0.33,0.33,0.33
369,0.0,0.0,0.0,1.0,0.0
370,0.0,0.0,0.0,1.0,0.0
371,0.33,0.0,0.0,0.67,0.0
372,0.0,0.0,0.0,0.8,0.2
373,0.0,0.0,1.0,0.0,0.0
374,0.0,0.0,0.2,0.4,0.4
375,0.0,0.0,0.0,0.0,0.0
376,0.25,0.0,0.25,0.12,0.38
377,0.0,0.0,1.0,0.0,0.0
378,0.4,0.2,0.0,0.0,0.4
379,0.0,0.0,0.0,0.0,0.0
380,0.14,0.0,0.29,0.29,0.29
381,0.0,0.0,1.0,0.0,0.0
382,1.0,0.0,0.0,0.0,0.0
383,0.0,0.0,0.0,0.0,1.0
384,0.24,0.03,0.17,0.41,0.14
385,0.0,0.5,0.0,0.0,0.5
386,0.5,0.0,0.5,0.0,0.0
387,0.2,0.0,0.6,0.0,0.2
388,0.27,0.0,0.18,0.18,0.36
389,1.0,0.0,0.0,0.0,0.0
390,0.0,0.0,0.33,0.0,0.67
391,0.0,0.0,0.67,0.0,0.33
392,0.0,0.0,0.0,0.0,0.0
393,0.0,0.0,0.0,0.0,0.0
394,0.0,0.0,1.0,0.0,0.0
395,0.0,0.0,0.33,0.17,0.5
396,0.0,0.0,0.5,0.5,0.0
397,0.0,0.0,0.2,0.0,0.8
398,0.0,0.0,0.0,0.0,0.0
399,0.0,0.0,0.0,0.0,0.0
400,0.0,1.0,0.0,0.0,0.0
401,0.0,0.0,0.0,0.0,1.0
402,0.0,0.0,0.0,0.5,0.5
403,0.0,0.0,0.0,0.0,0.0
404,0.38,0.0,0.12,0.38,0.12
405,0.0,0.0,1.0,0.0,0.0
406,0.0,1.0,0.0,0.0,0.0
407,0.0,0.0,0.0,0.0,0.0
408,0.0,0.0,0.0,0.0,0.0
409,0.5,0.0,0.5,0.0,0.0
410,0.0,0.0,0.5,0.25,0.25
411,0.0,0.0,0.0,1.0,0.0
412,0.0,0.0,0.0,1.0,0.0
413,0.0,0.0,0.0,0.0,0.0
414,0.0,0.0,1.0,0.0,0.0
415,0.0,0.0,0.0,0.0,0.0
416,0.0,0.0,1.0,0.0,0.0
417,0.0,0.0,0.4,0.2,0.4
418,0.0,0.0,0.0,0.0,0.0
419,0.0,0.0,0.0,0.0,0.0
420,0.0,0.0,0.0,0.0,0.0
421,0.0,0.0,0.0,0.0,0.0
422,0.0,0.0,0.0,0.0,1.0
423,0.0,0.0,0.0,0.0,0.0
424,0.0,0.0,0.0,0.0,0.0
425,0.0,0.0,0.0,0.0,0.0
426,0.4,0.05,0.3,0.05,0.2
427,0.0,0.0,1.0,0.0,0.0
428,0.09,0.06,0.12,0.28,0.44
429,0.33,0.0,0.33,0.0,0.33
430,0.03,0.14,0.27,0.22,0.35
431,0.0,0.0,0.0,0.0,1.0
432,0.0,0.0,1.0,0.0,0.0
433,0.0,0.0,1.0,0.0,0.0
434,0.0,0.0,0.0,0.0,0.0
435,1.0,0.0,0.0,0.0,0.0
436,0.05,0.05,0.27,0.27,0.36
437,0.0,0.25,0.25,0.25,0.25
438,0.0,0.0,0.2,0.4,0.4
439,0.0,0.0,0.0,0.0,0.0
440,0.0,0.0,1.0,0.0,0.0
441,0.0,0.0,0.0,0.0,0.0
442,0.5,0.0,0.0,0.0,0.5
443,0.0,0.0,1.0,0.0,0.0
444,0.0,0.0,0.0,0.0,1.0
445,0.0,0.0,1.0,0.0,0.0
446,0.75,0.0,0.25,0.0,0.0
447,1.0,0.0,0.0,0.0,0.0
448,0.06,0.1,0.33,0.21,0.3
449,0.2,0.2,0.0,0.2,0.4
450,0.0,0.0,0.0,0.5,0.5
451,0.0,0.0,0.0,0.67,0.33
452,0.0,0.0,1.0,0.0,0.0
453,0.0,0.0,0.0,0.0,0.0
454,0.5,0.0,0.0,0.0,0.5
455,0.5,0.0,0.0,0.0,0.5
456,0.0,0.0,0.0,0.0,1.0
457,0.12,0.12,0.12,0.25,0.38
458,0.0,0.0,0.0,0.0,1.0
459,0.29,0.0,0.0,0.29,0.43
460,0.0,0.0,0.0,0.0,0.0
461,0.2,0.0,0.0,0.2,0.6
462,0.75,0.0,0.0,0.25,0.0
463,0.0,0.0,0.0,0.0,1.0
464,0.14,0.14,0.14,0.29,0.29
465,0.0,0.25,0.25,0.25,0.25
466,0.0,0.0,0.5,0.5,0.0
467,0.12,0.07,0.23,0.28,0.3
468,1.0,0.0,0.0,0.0,0.0
469,0.0,0.0,0.0,0.0,0.0
470,0.0,0.0,0.33,0.0,0.67
471,0.0,0.0,0.0,0.0,1.0
472,0.0,0.0,0.3,0.2,0.5
473,0.0,0.0,0.0,0.0,0.0
474,0.0,0.0,0.0,0.0,0.0
475,0.0,0.0,0.0,0.0,0.0
476,0.0,0.0,0.0,0.0,0.0
477,0.5,0.0,0.0,0.5,0.0
478,0.5,0.0,0.5,0.0,0.0
479,0.43,0.14,0.0,0.0,0.43
480,0.0,0.0,0.0,1.0,0.0
481,0.5,0.0,0.0,0.25,0.25
482,0.0,0.0,0.0,0.0,0.0
483,0.0,0.0,0.38,0.38,0.25
484,0.0,0.0,0.0,1.0,0.0
485,0.0,0.25,0.0,0.25,0.5
486,0.0,0.0,1.0,0.0,0.0
487,0.0,0.0,0.0,0.33,0.67
488,0.0,1.0,0.0,0.0,0.0
489,0.0,0.12,0.38,0.38,0.12
490,0.1,0.0,0.3,0.6,0.0
491,0.12,0.12,0.19,0.25,0.31
492,0.12,0.0,0.35,0.35,0.18
493,0.33,0.0,0.0,0.0,0.67
494,0.0,0.11,0.17,0.17,0.56
495,0.0,0.0,1.0,0.0,0.0
496,0.0,0.19,0.14,0.38,0.29
497,0.0,0.0,0.5,0.0,0.5
498,0.08,0.0,0.0,0.42,0.5
499,0.0,0.0,0.0,0.0,0.0
500,0.0,0.0,0.33,0.67,0.0
501,0.0,0.0,0.0,0.0,0.0
502,0.0,0.0,0.0,0.0,0.0
503,0.0,0.0,0.0,0.0,0.0
504,0.0,0.0,0.0,0.0,0.0
505,0.0,0.0,1.0,0.0,0.0
506,0.12,0.08,0.19,0.38,0.23
507,0.0,0.0,0.5,0.0,0.5
508,0.0,0.0,0.33,0.0,0.67
509,0.0,0.0,0.0,0.0,0.0
510,0.25,0.0,0.25,0.25,0.25
511,0.0,1.0,0.0,0.0,0.0
512,0.0,0.0,0.5,0.0,0.5
513,0.5,0.0,0.0,0.0,0.5
514,0.0,0.0,0.0,0.0,0.0
515,0.0,0.0,1.0,0.0,0.0
516,0.33,0.0,0.33,0.0,0.33
517,0.0,0.5,0.0,0.5,0.0
518,0.0,0.0,1.0,0.0,0.0
519,1.0,0.0,0.0,0.0,0.0
520,0.0,0.0,0.0,0.0,0.0
521,0.0,0.0,0.0,0.0,0.0
522,0.0,0.0,0.0,0.0,0.0
523,0.0,0.0,0.0,0.0,1.0
524,0.0,0.0,0.0,0.0,0.0
525,0.0,0.0,0.5,0.0,0.5
526,0.0,0.0,1.0,0.0,0.0
527,0.0,0.0,1.0,0.0,0.0
528,0.0,0.0,0.0,0.0,0.0
529,0.0,0.0,0.0,0.0,0.0
530,1.0,0.0,0.0,0.0,0.0
531,0.0,0.0,0.0,0.0,0.0
532,0.0,0.0,0.0,0.0,0.0
533,0.67,0.0,0.33,0.0,0.0
534,0.0,0.0,0.0,0.0,0.0
535,0.06,0.13,0.26,0.29,0.26
536,0.0,0.0,0.0,0.0,0.0
537,0.0,0.0,0.0,0.0,0.0
538,0.0,0.0,0.0,0.0,1.0
539,0.0,0.0,0.0,1.0,0.0
540,0.0,0.0,0.0,1.0,0.0
541,0.0,0.0,0.0,1.0,0.0
542,0.0,0.0,0.0,0.0,1.0
543,0.0,0.0,0.0,1.0,0.0
544,0.0,0.0,0.0,0.0,0.0
545,0.0,0.0,0.0,0.0,0.0
546,1.0,0.0,0.0,0.0,0.0
547,0.0,0.0,0.0,0.33,0.67
548,0.38,0.0,0.0,0.38,0.25
549,0.33,0.33,0.17,0.17,0.0
550,0.2,0.0,0.6,0.2,0.0
551,0.0,0.0,0.0,0.0,0.0
552,0.33,0.0,0.33,0.33,0.0
553,0.36,0.12,0.21,0.09,0.21
554,0.18,0.09,0.36,0.0,0.36
555,0.0,0.0,1.0,0.0,0.0
556,0.33,0.17,0.0,0.33,0.17
557,0.0,0.0,0.0,0.0,0.0
558,0.0,0.0,0.0,0.0,1.0
559,0.0,0.0,0.0,0.0,0.0
560,0.0,1.0,0.0,0.0,0.0
561,0.0,0.0,0.0,0.0,1.0
562,0.0,0.0,0.0,0.0,0.0
563,0.0,0.0,0.0,0.0,1.0
564,0.12,0.0,0.25,0.38,0.25
565,0.5,0.0,0.5,0.0,0.0
566,1.0,0.0,0.0,0.0,0.0
567,0.0,0.0,1.0,0.0,0.0
568,0.0,0.0,0.25,0.5,0.25
569,0.0,0.0,0.5,0.5,0.0
570,0.0,0.5,0.0,0.25,0.25
571,0.12,0.0,0.12,0.25,0.5
572,0.5,0.5,0.0,0.0,0.0
573,0.0,0.0,0.0,0.0,0.0
574,0.0,0.0,1.0,0.0,0.0
575,0.0,0.0,0.0,0.0,0.0
576,0.0,0.0,0.0,0.0,1.0
577,0.0,0.0,0.0,0.0,1.0
578,0.0,0.2,0.2,0.2,0.4
579,0.0,0.0,0.0,0.0,0.0
580,0.0,0.0,0.33,0.0,0.67
581,0.0,1.0,0.0,0.0,0.0
582,0.5,0.5,0.0,0.0,0.0
583,0.0,0.0,0.0,0.0,0.0
584,0.0,0.0,0.0,0.0,0.0
585,0.0,0.0,0.0,0.0,0.0
586,0.0,0.0,0.0,0.0,1.0
587,0.5,0.5,0.0,0.0,0.0
588,0.0,0.0,0.0,0.0,1.0
589,0.0,0.0,0.0,0.0,0.0
590,0.0,0.0,0.0,0.0,0.0
591,0.0,0.0,1.0,0.0,0.0
592,0.0,0.0,0.0,0.0,0.0
593,0.0,0.0,0.0,0.0,1.0
594,0.0,0.0,0.0,0.2,0.8
595,0.25,0.0,0.25,0.5,0.0
596,0.0,0.0,1.0,0.0,0.0
597,0.5,0.0,0.0,0.0,0.5
598,1.0,0.0,0.0,0.0,0.0
599,0.17,0.0,0.0,0.5,0.33
600,0.0,0.0,0.0,0.0,0.0
601,0.0,0.0,0.0,0.0,0.0
602,0.0,0.0,0.38,0.25,0.38
603,0.0,0.0,1.0,0.0,0.0
604,0.0,0.25,0.75,0.0,0.0
605,0.0,0.0,0.0,0.5,0.5
606,0.0,0.0,0.0,0.0,0.0
607,1.0,0.0,0.0,0.0,0.0
608,0.0,0.0,0.0,0.0,0.0
609,0.5,0.0,0.25,0.0,0.25
610,0.0,0.0,0.0,0.0,0.0
611,0.0,0.0,0.0,0.0,1.0
612,0.0,0.0,0.25,0.25,0.5
613,0.33,0.0,0.0,0.0,0.67
614,0.0,0.0,0.0,0.5,0.5
615,0.0,0.0,0.0,0.0,0.0
616,0.0,0.0,0.0,0.0,1.0
617,0.0,0.0,0.0,0.0,0.0
618,0.0,0.0,0.0,0.0,0.0
619,0.0,0.0,0.0,1.0,0.0
620,0.0,0.0,0.33,0.33,0.33
621,0.0,0.0,0.0,1.0,0.0
622,0.1,0.0,0.1,0.35,0.45
623,0.0,0.0,0.0,0.0,1.0
624,0.0,0.0,0.0,1.0,0.0
625,0.0,0.0,0.0,0.0,0.0
626,0.0,0.0,0.0,0.0,0.0
627,0.0,0.0,0.0,0.0,0.0
628,0.0,0.0,0.0,0.0,0.0
629,0.0,0.0,0.0,0.0,0.0
630,0.0,0.0,0.0,0.0,0.0
631,0.0,0.0,1.0,0.0,0.0
632,0.07,0.11,0.26,0.19,0.37
633,0.0,0.0,0.0,0.25,0.75
634,0.0,0.0,0.0,0.0,0.0
635,0.0,0.0,0.2,0.6,0.2
636,0.0,0.0,0.0,0.5,0.5
637,0.0,0.0,0.0,0.0,0.0
638,0.11,0.0,0.22,0.44,0.22
639,0.05,0.03,0.21,0.23,0.49
640,0.1,0.13,0.35,0.06,0.35
641,0.0,0.4,0.2,0.0,0.4
642,0.0,0.0,0.12,0.5,0.38
643,0.0,0.0,0.0,0.0,0.0
644,0.0,0.0,0.25,0.5,0.25
645,0.0,0.0,0.0,0.0,1.0
646,0.0,0.0,0.0,0.0,0.0
647,0.0,0.0,0.0,0.0,0.0
648,0.0,0.0,1.0,0.0,0.0
649,0.0,0.0,0.5,0.0,0.5
650,0.0,0.0,0.0,0.0,0.0
651,0.0,0.0,0.0,0.0,1.0
652,0.0,1.0,0.0,0.0,0.0
653,0.0,0.0,0.0,0.0,1.0
654,0.0,0.0,0.0,0.0,1.0
655,0.0,0.0,0.0,0.0,1.0
656,0.0,0.0,1.0,0.0,0.0
657,0.0,0.0,1.0,0.0,0.0
658,0.0,0.0,0.0,0.0,0.0
659,0.0,0.0,1.0,0.0,0.0
660,0.0,0.0,0.0,0.0,0.0
661,0.0,0.0,0.0,0.0,0.0
662,0.0,0.0,0.0,0.0,1.0
663,0.25,0.0,0.5,0.25,0.0
664,0.0,0.0,1.0,0.0,0.0
665,0.07,0.07,0.14,0.43,0.29
666,0.0,0.0,1.0,0.0,0.0
667,0.08,0.17,0.25,0.33,0.17
668,0.0,1.0,0.0,0.0,0.0
669,0.06,0.13,0.19,0.26,0.35
670,0.0,0.0,0.33,0.0,0.67
671,0.25,0.0,0.25,0.25,0.25
672,0.0,0.67,0.0,0.0,0.33
673,0.0,0.33,0.33,0.0,0.33
674,0.0,0.0,0.0,0.0,0.0
675,0.0,0.25,0.5,0.0,0.25
676,0.0,1.0,0.0,0.0,0.0
677,0.25,0.5,0.0,0.25,0.0
678,0.0,0.17,0.33,0.17,0.33
679,0.0,0.0,0.0,0.0,0.0
680,0.0,0.33,0.33,0.0,0.33
681,0.0,0.12,0.12,0.38,0.38
682,0.0,0.0,0.0,0.0,1.0
683,0.0,0.0,0.0,0.0,0.0
684,0.0,0.0,0.0,0.0,0.0
685,0.0,0.0,0.0,0.0,0.0
686,0.0,0.0,0.0,0.0,0.0
687,0.0,0.33,0.33,0.0,0.33
688,0.0,0.0,0.0,0.0,0.0
689,0.12,0.0,0.18,0.41,0.29
690,0.0,0.0,0.0,0.5,0.5
691,0.35,0.13,0.13,0.22,0.17
692,0.0,0.0,0.0,0.0,0.0
693,0.05,0.18,0.23,0.27,0.27
694,0.0,0.12,0.38,0.12,0.38
695,0.0,0.0,0.0,0.0,0.0
696,0.0,0.5,0.0,0.5,0.0
697,0.13,0.07,0.07,0.2,0.53
698,0.33,0.0,0.0,0.33,0.33
699,0.5,0.0,0.0,0.0,0.5
700,0.0,0.0,0.0,0.0,0.0
701,0.29,0.14,0.14,0.29,0.14
702,0.18,0.18,0.09,0.18,0.36
703,0.0,0.0,0.33,0.33,0.33
704,0.07,0.27,0.2,0.27,0.2
705,0.0,0.0,0.0,0.0,1.0
706,0.0,0.0,0.0,0.0,0.0
707,0.0,0.0,0.0,0.0,0.0
708,0.0,0.0,0.0,0.0,0.0
709,0.0,1.0,0.0,0.0,0.0
710,0.0,0.0,0.0,0.5,0.5
711,0.0,1.0,0.0,0.0,0.0
712,0.0,0.0,0.0,0.0,0.0
713,0.0,0.0,0.0,1.0,0.0
714,0.0,0.0,0.0,0.0,0.0
715,0.0,0.0,0.5,0.25,0.25
716,0.0,0.0,0.0,0.0,0.0
717,1.0,0.0,0.0,0.0,0.0
718,0.0,0.0,0.0,1.0,0.0
719,0.0,0.0,0.0,0.0,0.0
720,0.0,0.0,1.0,0.0,0.0
721,0.0,0.25,0.0,0.5,0.25
722,0.08,0.08,0.17,0.33,0.33
723,0.0,0.0,0.0,0.0,0.0
724,0.0,0.0,0.0,0.0,0.0
725,0.5,0.0,0.5,0.0,0.0
726,0.0,0.0,0.0,1.0,0.0
727,0.0,0.0,0.0,1.0,0.0
728,0.0,0.0,0.0,0.0,0.0
729,0.0,0.0,0.0,0.0,0.0
730,0.0,0.0,0.0,0.0,0.0
731,0.0,0.0,0.0,0.4,0.6
732,0.0,0.0,0.0,0.0,0.0
733,0.0,0.0,0.0,0.0,1.0
734,0.0,0.0,0.0,0.0,0.0
735,0.0,0.0,0.0,0.67,0.33
736,0.0,0.0,0.0,0.0,0.0
737,0.0,0.0,0.33,0.0,0.67
738,0.0,0.0,0.0,0.0,0.0
739,0.0,1.0,0.0,0.0,0.0
740,0.0,0.25,0.25,0.25,0.25
741,0.0,0.0,0.0,0.0,0.0
742,0.0,0.0,0.0,0.0,0.0
743,1.0,0.0,0.0,0.0,0.0
744,0.0,0.0,0.0,0.0,0.0
745,0.0,0.0,1.0,0.0,0.0
746,1.0,0.0,0.0,0.0,0.0
747,0.0,0.0,0.0,0.0,0.0
748,0.16,0.11,0.16,0.16,0.42
749,0.0,0.0,0.25,0.5,0.25
750,0.0,0.0,0.0,0.0,0.0
751,0.0,0.0,0.0,0.0,0.0
752,0.5,0.5,0.0,0.0,0.0
753,0.0,0.0,0.0,0.0,0.0
754,0.0,0.0,0.0,0.0,1.0
755,0.0,0.0,0.0,0.0,0.0
756,0.0,0.0,0.0,0.0,0.0
757,0.0,0.0,0.0,0.0,0.0
758,0.0,0.0,0.0,0.0,1.0
759,0.0,0.0,0.0,0.0,1.0
760,0.0,0.0,0.0,0.0,0.0
761,0.0,0.0,0.0,1.0,0.0
762,0.0,0.0,0.67,0.0,0.33
763,0.0,0.0,1.0,0.0,0.0
764,0.0,0.0,0.0,1.0,0.0
765,0.17,0.0,0.2,0.22,0.41
766,0.0,0.0,0.0,0.0,1.0
767,0.0,0.0,0.0,1.0,0.0
768,0.0,0.0,0.0,0.0,1.0
769,0.09,0.14,0.27,0.18,0.32
770,0.12,0.0,0.12,0.62,0.12
771,0.0,0.0,0.0,0.0,0.0
772,0.0,0.0,0.0,0.0,0.0
773,0.5,0.0,0.5,0.0,0.0
774,0.0,0.0,0.0,0.0,0.0
775,0.0,0.0,0.33,0.0,0.67
776,0.0,0.0,0.0,0.0,0.0
777,0.0,0.0,0.0,0.0,1.0
778,0.0,0.0,0.0,0.0,0.0
779,0.0,0.0,0.0,0.0,0.0
780,1.0,0.0,0.0,0.0,0.0
781,0.0,0.0,0.75,0.0,0.25
782,0.0,0.0,0.0,0.0,0.0
783,0.0,0.17,0.17,0.33,0.33
784,1.0,0.0,0.0,0.0,0.0
785,0.25,0.0,0.0,0.5,0.25
786,0.0,0.0,0.0,0.0,1.0
787,0.5,0.0,0.25,0.0,0.25
788,0.09,0.0,0.35,0.13,0.43
789,0.0,0.0,0.0,1.0,0.0
790,0.0,0.0,0.33,0.33,0.33
791,0.0,0.25,0.12,0.25,0.38
792,0.33,0.0,0.0,0.67,0.0
793,0.0,0.0,0.5,0.5,0.0
794,0.0,0.0,0.0,0.5,0.5
795,0.0,0.0,0.0,0.0,1.0
796,0.0,0.0,0.0,0.0,0.0
797,0.0,0.0,0.0,0.0,1.0
798,1.0,0.0,0.0,0.0,0.0
799,0.2,0.0,0.2,0.6,0.0
800,0.0,0.0,0.0,0.4,0.6
801,0.0,0.0,0.0,0.0,0.0
802,0.0,0.0,0.0,0.0,0.0
803,0.0,0.0,0.0,0.0,0.0
804,0.0,0.0,0.0,0.5,0.5
805,0.0,0.0,0.33,0.25,0.42
806,0.0,1.0,0.0,0.0,0.0
807,0.0,0.0,0.0,0.0,1.0
808,0.33,0.0,0.0,0.33,0.33
809,0.0,0.0,0.0,0.0,0.0
810,0.0,0.0,0.0,0.0,0.0
811,0.67,0.0,0.0,0.33,0.0
812,0.4,0.0,0.2,0.0,0.4
813,0.0,0.0,0.0,1.0,0.0
814,0.2,0.05,0.35,0.15,0.25
815,0.0,0.0,0.67,0.33,0.0
816,0.0,0.0,1.0,0.0,0.0
817,0.0,0.0,1.0,0.0,0.0
818,0.0,0.0,0.0,0.0,1.0
819,0.25,0.0,0.0,0.0,0.75
820,0.5,0.0,0.0,0.0,0.5
821,0.22,0.0,0.22,0.11,0.44
822,0.0,0.33,0.67,0.0,0.0
823,0.0,0.18,0.36,0.09,0.36
824,0.0,0.0,1.0,0.0,0.0
825,0.13,0.07,0.13,0.2,0.47
826,0.0,0.0,0.33,0.17,0.5
827,0.33,0.0,0.0,0.33,0.33
828,0.0,0.0,0.0,0.0,1.0
829,0.0,0.0,1.0,0.0,0.0
830,0.0,0.0,0.0,1.0,0.0
831,0.33,0.0,0.67,0.0,0.0
832,0.5,0.0,0.0,0.5,0.0
833,0.0,0.0,0.5,0.5,0.0
834,0.18,0.06,0.06,0.41,0.29
835,0.0,0.0,0.0,0.2,0.8
836,0.17,0.0,0.17,0.33,0.33
837,0.0,0.0,0.14,0.29,0.57
838,0.15,0.05,0.2,0.2,0.4
839,0.0,0.2,0.0,0.2,0.6
840,0.08,0.25,0.17,0.42,0.08
841,0.0,0.0,0.0,0.0,0.0
842,0.0,0.0,0.0,1.0,0.0
843,0.0,0.0,0.5,0.5,0.0
844,0.0,0.0,0.17,0.33,0.5
845,0.0,0.0,1.0,0.0,0.0
846,0.0,0.0,0.0,0.0,0.0
847,0.0,0.0,0.0,0.0,1.0
848,0.0,0.0,0.0,0.8,0.2
849,0.0,0.0,0.0,0.0,0.0
850,0.0,0.0,0.0,0.0,0.0
851,0.0,0.25,0.0,0.0,0.75
852,0.0,0.25,0.0,0.0,0.75
853,0.25,0.0,0.25,0.25,0.25
854,0.0,0.0,0.0,0.0,0.0
855,0.0,0.11,0.22,0.44,0.22
856,0.0,0.0,0.0,0.0,0.0
857,0.0,0.0,0.0,0.0,0.0
858,0.0,0.0,0.0,0.0,1.0
859,0.0,0.0,0.0,0.0,0.0
860,0.0,0.0,0.0,0.0,0.0
861,0.0,0.1,0.2,0.5,0.2
862,0.0,0.0,0.0,0.0,0.0
863,0.0,0.0,0.33,0.67,0.0
864,0.0,0.0,0.0,0.0,1.0
865,0.12,0.24,0.12,0.18,0.35
866,0.0,0.0,1.0,0.0,0.0
867,0.31,0.0,0.0,0.19,0.5
868,0.0,0.0,0.22,0.22,0.56
869,0.06,0.06,0.11,0.33,0.44
870,0.0,0.5,0.0,0.5,0.0
871,0.0,0.0,0.0,0.0,0.0
872,0.07,0.07,0.2,0.27,0.4
873,0.0,0.0,0.0,0.0,0.0
874,0.0,0.0,0.0,0.0,0.0
875,0.0,0.0,0.25,0.38,0.38
876,0.17,0.0,0.0,0.5,0.33
877,0.0,0.0,0.5,0.0,0.5
878,0.0,0.0,0.0,1.0,0.0
879,0.0,0.0,0.5,0.0,0.5
880,0.0,0.0,0.0,0.0,0.0
881,0.0,0.0,0.4,0.4,0.2
882,0.0,0.0,0.0,0.0,0.0
883,0.25,0.0,0.08,0.25,0.42
884,0.0,0.0,1.0,0.0,0.0
885,0.0,0.0,1.0,0.0,0.0
886,0.0,0.0,0.0,0.0,0.0
887,0.25,0.0,0.5,0.25,0.0
888,0.0,0.0,0.0,0.0,0.0
889,0.0,0.0,0.6,0.4,0.0
890,0.0,0.0,0.0,0.0,0.0
891,0.0,0.0,0.4,0.4,0.2
892,0.0,0.0,0.0,0.0,0.0
893,0.0,0.0,0.5,0.0,0.5
894,0.0,0.0,0.0,1.0,0.0
895,0.1,0.0,0.7,0.0,0.2
896,0.0,0.0,0.0,0.0,1.0
897,0.0,0.0,0.5,0.5,0.0
898,0.0,0.0,0.0,1.0,0.0
899,0.0,0.0,1.0,0.0,0.0
900,0.0,0.0,0.0,1.0,0.0
901,0.18,0.0,0.36,0.27,0.18
902,0.0,0.0,0.0,0.0,1.0
903,0.0,0.0,0.0,1.0,0.0
904,0.0,0.0,0.0,0.0,0.0
905,0.0,0.17,0.33,0.0,0.5
906,0.0,0.4,0.4,0.0,0.2
907,0.0,1.0,0.0,0.0,0.0
908,0.33,0.33,0.17,0.17,0.0
909,0.0,0.0,0.0,0.0,0.0
910,0.14,0.0,0.43,0.14,0.29
911,0.0,0.0,0.33,0.67,0.0
912,0.29,0.14,0.14,0.07,0.36
913,0.0,0.0,0.0,0.0,0.0
914,0.0,0.0,0.0,1.0,0.0
915,0.0,0.0,0.0,0.0,0.0
916,0.0,0.0,0.0,0.0,1.0
917,0.0,0.0,0.33,0.67,0.0
918,0.0,0.0,1.0,0.0,0.0
919,0.0,0.0,1.0,0.0,0.0
920,0.0,0.5,0.5,0.0,0.0
921,0.0,0.67,0.33,0.0,0.0
922,0.0,0.0,0.0,0.0,0.0
923,0.0,0.0,1.0,0.0,0.0
924,0.0,0.0,0.0,0.0,0.0
925,0.0,0.0,0.5,0.5,0.0
926,0.0,0.0,0.0,0.0,0.0
927,0.0,0.0,1.0,0.0,0.0
928,0.0,0.25,0.25,0.25,0.25
929,0.5,0.0,0.5,0.0,0.0
930,0.0,0.0,0.0,0.0,1.0
931,0.14,0.14,0.14,0.43,0.14
932,0.0,0.0,0.0,0.0,1.0
933,0.17,0.17,0.5,0.0,0.17
934,0.0,0.0,0.0,0.0,0.0
935,0.0,0.0,1.0,0.0,0.0
936,0.0,0.5,0.5,0.0,0.0
937,0.0,0.0,1.0,0.0,0.0
938,0.0,0.0,1.0,0.0,0.0
939,0.0,0.0,0.75,0.25,0.0
940,0.0,0.0,0.0,0.0,0.0
941,0.0,0.0,1.0,0.0,0.0
942,0.0,0.0,0.33,0.33,0.33
943,0.0,0.0,1.0,0.0,0.0
944,0.0,0.0,0.0,0.0,0.0
945,0.14,0.29,0.29,0.29,0.0
946,0.0,0.0,0.0,0.0,0.0
947,0.0,0.33,0.67,0.0,0.0
948,0.0,0.0,0.0,0.0,0.0
949,0.0,0.33,0.33,0.0,0.33
950,0.0,0.0,0.0,0.0,0.0
951,0.0,0.0,1.0,0.0,0.0
952,0.19,0.25,0.12,0.31,0.12
953,0.0,0.0,0.0,0.0,0.0
954,0.0,0.0,1.0,0.0,0.0
955,0.0,0.0,0.0,0.0,0.0
956,0.0,0.0,0.0,0.0,0.0
957,0.0,0.0,0.0,0.0,0.0
958,0.0,0.2,0.0,0.4,0.4
959,0.0,0.0,0.0,1.0,0.0
960,0.0,0.38,0.38,0.12,0.12
961,0.0,0.0,0.0,0.0,0.0
962,0.0,0.0,0.0,0.0,0.0
963,0.0,0.0,0.0,0.0,0.0
964,0.17,0.0,0.0,0.33,0.5
965,0.0,0.0,0.0,0.0,0.0
966,0.0,0.0,1.0,0.0,0.0
967,0.0,0.25,0.5,0.25,0.0
968,0.0,0.0,0.0,0.0,0.0
969,0.0,0.0,0.5,0.5,0.0
970,0.1,0.2,0.0,0.5,0.2
971,0.0,0.0,0.25,0.75,0.0
972,0.0,0.0,1.0,0.0,0.0
973,0.0,0.12,0.0,0.5,0.38
974,0.0,0.0,0.0,0.0,0.0
975,0.0,0.0,0.0,0.0,0.0
976,0.5,0.0,0.0,0.5,0.0
977,0.0,0.0,0.0,1.0,0.0
978,0.0,0.0,0.0,0.0,0.0
979,0.33,0.0,0.33,0.33,0.0
980,0.0,1.0,0.0,0.0,0.0
981,0.5,0.0,0.5,0.0,0.0
982,0.0,0.2,0.1,0.6,0.1
983,0.33,0.0,0.33,0.0,0.33
984,0.17,0.0,0.17,0.33,0.33
985,0.18,0.09,0.09,0.36,0.27
986,0.0,0.0,0.0,1.0,0.0
987,0.0,0.0,0.0,0.0,0.0
988,0.14,0.0,0.0,0.43,0.43
989,0.0,0.0,0.0,0.0,1.0
990,0.0,0.1,0.1,0.3,0.5
991,0.0,0.0,0.0,0.0,0.0
992,0.0,0.0,0.0,0.0,0.0
993,0.0,0.0,0.0,0.0,0.0
994,0.0,0.33,0.0,0.33,0.33
995,1.0,0.0,0.0,0.0,0.0
996,0.3,0.1,0.2,0.1,0.3
997,0.0,0.0,0.0,0.0,0.0
998,0.17,0.0,0.17,0.0,0.67
999,0.0,0.0,0.0,0.0,0.0
1000,0.14,0.0,0.29,0.14,0.43
1001,0.0,0.0,0.0,0.0,0.0
1002,0.11,0.0,0.11,0.33,0.44
1003,0.0,0.5,0.0,0.0,0.5
1004,0.17,0.25,0.08,0.17,0.33
1005,0.0,0.0,1.0,0.0,0.0
1006,0.5,0.0,0.0,0.0,0.5
1007,0.0,0.0,0.0,0.0,0.0
1008,1.0,0.0,0.0,0.0,0.0
1009,0.0,0.14,0.29,0.29,0.29
1010,0.0,0.0,0.0,0.0,0.0
1011,0.0,0.0,0.2,0.4,0.4
1012,0.0,0.0,0.0,1.0,0.0
1013,0.0,0.0,1.0,0.0,0.0
1014,0.0,0.0,0.5,0.5,0.0
1015,0.0,0.0,0.0,0.5,0.5
1016,0.25,0.0,0.0,0.0,0.75
1017,0.0,0.0,0.0,1.0,0.0
1018,0.36,0.0,0.18,0.0,0.45
1019,0.17,0.08,0.08,0.42,0.25
1020,0.0,0.0,0.0,0.0,1.0
1021,0.0,0.0,1.0,0.0,0.0
1022,0.0,0.0,0.0,0.0,0.0
1023,0.0,0.0,1.0,0.0,0.0
1024,0.0,0.0,0.0,0.0,0.0
1025,0.0,0.0,0.0,0.0,0.0
1026,0.0,1.0,0.0,0.0,0.0
1027,0.0,0.0,0.0,0.0,0.0
1028,0.0,0.0,0.0,0.0,0.0
1029,0.25,0.0,0.25,0.0,0.5
1030,0.0,0.0,0.0,0.0,0.0
1031,0.0,0.0,0.0,0.0,1.0
1032,0.0,0.0,0.0,0.0,0.0
1033,0.0,0.0,0.0,0.0,0.0
1034,0.0,1.0,0.0,0.0,0.0
1035,0.0,0.0,0.0,0.0,0.0
1036,0.0,0.0,0.6,0.2,0.2
1037,0.0,0.0,0.0,0.0,0.0
1038,0.0,0.0,0.0,0.0,1.0
1039,0.0,0.0,0.0,0.0,0.0
1040,0.0,0.17,0.17,0.0,0.67
1041,0.0,0.5,0.0,0.0,0.5
1042,0.0,0.0,0.0,0.0,0.0
1043,0.0,0.0,0.0,0.0,0.0
1044,0.14,0.14,0.0,0.43,0.29
1045,0.0,0.0,0.0,0.0,0.0
1046,0.0,0.0,0.5,0.0,0.5
1047,0.5,0.0,0.0,0.0,0.5
1048,0.5,0.0,0.5,0.0,0.0
1049,0.0,0.5,0.0,0.0,0.5
1050,0.0,0.5,0.5,0.0,0.0
1051,0.5,0.0,0.0,0.0,0.5
1052,0.5,0.0,0.0,0.0,0.5
1053,0.0,0.0,1.0,0.0,0.0
1054,1.0,0.0,0.0,0.0,0.0
1055,0.0,0.0,0.0,0.5,0.5
1056,0.0,0.0,0.0,0.0,0.0
1057,0.0,0.0,0.0,0.5,0.5
1058,0.0,0.0,0.0,0.5,0.5
1059,1.0,0.0,0.0,0.0,0.0
1060,0.5,0.0,0.0,0.5,0.0
1061,0.0,0.0,0.67,0.33,0.0
1062,0.0,0.0,0.33,0.0,0.67
1063,0.0,0.0,0.0,1.0,0.0
1064,0.08,0.17,0.08,0.42,0.25
1065,0.38,0.0,0.12,0.0,0.5
1066,0.0,0.0,0.2,0.2,0.6
1067,0.0,0.0,0.0,0.0,0.0
1068,0.0,0.33,0.0,0.0,0.67
1069,0.0,0.0,0.0,0.0,0.0
1070,0.0,0.0,0.0,0.0,0.0
1071,0.0,0.0,0.0,0.0,1.0
1072,0.0,0.0,0.0,1.0,0.0
1073,0.0,0.0,0.5,0.5,0.0
1074,0.0,0.0,0.0,1.0,0.0
1075,0.0,0.0,0.0,0.0,1.0
1076,1.0,0.0,0.0,0.0,0.0
1077,0.0,0.09,0.36,0.18,0.36
1078,0.0,0.0,0.0,0.0,0.0
1079,0.0,0.0,0.0,0.0,0.0
1080,0.0,0.0,0.0,0.0,0.0
1081,0.0,0.0,0.0,0.0,0.0
1082,0.0,0.0,0.0,0.0,0.0
1083,0.0,1.0,0.0,0.0,0.0
1084,0.0,0.0,0.0,0.0,0.0
1085,0.0,0.33,0.0,0.0,0.67
1086,0.0,0.17,0.33,0.17,0.33
1087,0.0,0.0,0.0,1.0,0.0
1088,0.0,0.0,0.0,0.0,0.0
1089,0.33,0.0,0.33,0.33,0.0
1090,1.0,0.0,0.0,0.0,0.0
1091,0.0,0.0,0.0,0.0,0.0
1092,0.0,0.0,0.0,0.5,0.5
1093,0.0,0.0,0.0,1.0,0.0
1094,0.0,0.0,0.0,0.0,1.0
1095,0.0,0.0,0.0,1.0,0.0
1096,0.0,1.0,0.0,0.0,0.0
1097,0.0,0.0,0.0,1.0,0.0
1098,0.0,0.0,0.0,0.0,1.0
1099,0.0,0.0,0.2,0.2,0.6
1100,0.0,0.0,1.0,0.0,0.0
1101,0.0,0.0,0.0,1.0,0.0
1102,0.0,0.0,0.0,0.0,0.0
1103,0.0,0.0,0.0,0.0,0.0
1104,0.0,0.0,0.0,0.0,0.0
1105,0.0,0.0,0.0,0.0,0.0
1106,0.0,0.0,0.0,0.0,0.0
1107,0.0,0.0,0.0,0.0,0.0
1108,0.0,0.0,0.0,0.0,0.0
1109,0.0,0.0,0.0,0.0,0.0
1110,0.0,0.0,0.0,0.0,0.0
1111,0.0,0.0,1.0,0.0,0.0
1112,0.0,0.0,0.0,1.0,0.0
1113,0.25,0.0,0.5,0.0,0.25
1114,0.0,0.0,0.5,0.0,0.5
1115,0.0,0.0,0.0,0.0,0.0
1116,0.5,0.0,0.0,0.5,0.0
1117,0.0,1.0,0.0,0.0,0.0
1118,0.0,1.0,0.0,0.0,0.0
1119,0.1,0.0,0.2,0.5,0.2
1120,0.0,0.0,0.0,0.0,0.0
1121,0.07,0.0,0.21,0.5,0.21
1122,0.0,0.0,0.0,0.0,1.0
1123,0.0,0.0,0.0,0.33,0.67
1124,0.5,0.0,0.0,0.5,0.0
1125,0.0,0.0,0.0,0.0,0.0
1126,0.0,0.0,0.33,0.33,0.33
1127,0.33,0.0,0.33,0.0,0.33
1128,0.17,0.0,0.33,0.33,0.17
1129,0.0,0.0,0.07,0.2,0.73
1130,0.17,0.0,0.17,0.5,0.17
1131,0.0,0.0,0.14,0.29,0.57
1132,0.0,0.0,0.0,0.5,0.5
